ts,symbol,side,qty,price,pnl
2025-07-01T00:54:02.243944,BTCUSDT,sell,0.006,107288.6,0.0
2025-07-01T00:54:02.244945,BTCUSDT,short,0.006,107294.4,0.0
2025-07-01T01:01:01.261759,BTCUSDT,buy,0.006,107349.5,0.0
2025-07-01T01:01:01.261759,BTCUSDT,close,0.006,107349.5,0.3306000000000349
2025-07-01T01:01:02.865348,BTCUSDT,sell,0.009,107348.2,0.0
2025-07-01T01:01:02.866353,BTCUSDT,short,0.009,107349.5,0.0
2025-07-01T01:08:01.372542,BTCUSDT,buy,0.009,107398.8,0.0
2025-07-01T01:08:01.373546,BTCUSDT,close,0.009,107398.8,0.4437000000000262
2025-07-01T01:08:03.003681,BTCUSDT,sell,0.003,107396.3,0.0
2025-07-01T01:08:03.004815,BTCUSDT,short,0.003,107398.8,0.0
2025-07-01T01:15:01.604782,BTCUSDT,buy,0.003,107431.3,0.0
2025-07-01T01:15:01.604782,BTCUSDT,close,0.003,107431.3,0.0975
2025-07-01T01:15:02.702392,BTCUSDT,sell,0.003,107430.1,0.0
2025-07-01T01:15:02.703392,BTCUSDT,short,0.003,107431.3,0.0
2025-07-01T01:42:02.176532,BTCUSDT,buy,0.003,107286.46667,0.0
2025-07-01T01:42:02.177536,BTCUSDT,close,0.003,107288.2,-0.42930000000001745
2025-07-01T01:42:03.777777,BTCUSDT,sell,0.005,107282.9,0.0
2025-07-01T01:42:03.779220,BTCUSDT,short,0.005,107288.2,0.0
2025-07-01T01:48:01.183978,BTCUSDT,buy,0.005,107331.6,0.0
2025-07-01T01:48:01.184976,BTCUSDT,close,0.005,107331.4,0.21599999999998545
2025-07-01T01:48:02.800139,BTCUSDT,sell,0.004,107331.4,0.0
2025-07-01T01:48:02.801148,BTCUSDT,short,0.004,107331.4,0.0
2025-07-01T01:52:00.967725,BTCUSDT,buy,0.004,107251.9,0.0
2025-07-01T01:52:00.968729,BTCUSDT,close,0.004,107246.3,-0.34039999999996506
2025-07-01T01:52:02.581500,BTCUSDT,sell,0.004,107246.3,0.0
2025-07-01T01:52:02.581500,BTCUSDT,short,0.004,107246.3,0.0
2025-07-01T01:54:01.437140,BTCUSDT,buy,0.004,107160.1,0.0
2025-07-01T01:54:01.438307,BTCUSDT,close,0.004,107160.1,-0.34479999999998834
2025-07-01T01:54:03.054099,BTCUSDT,sell,0.003,107160.0,0.0
2025-07-01T01:54:03.055102,BTCUSDT,short,0.003,107160.1,0.0
2025-07-01T01:57:03.998179,BTCUSDT,buy,0.003,107189.3,0.0
2025-07-01T01:57:03.998179,BTCUSDT,close,0.003,107189.3,0.08759999999999127
2025-07-01T01:57:05.628055,BTCUSDT,sell,0.003,107189.2,0.0
2025-07-01T01:57:05.629055,BTCUSDT,short,0.003,107189.3,0.0
2025-07-01T02:06:01.792489,BTCUSDT,buy,0.003,107236.0,0.0
2025-07-01T02:06:01.793496,BTCUSDT,close,0.003,107236.0,0.14009999999999126
2025-07-01T02:06:03.428839,BTCUSDT,sell,0.003,107235.9,0.0
2025-07-01T02:06:03.428839,BTCUSDT,short,0.003,107236.0,0.0
2025-07-01T02:20:01.361331,BTCUSDT,buy,0.003,107282.7,0.0
2025-07-01T02:20:01.361331,BTCUSDT,close,0.003,107281.3,0.13590000000000874
2025-07-01T02:20:02.970649,BTCUSDT,sell,0.003,107278.5,0.0
2025-07-01T02:20:02.971798,BTCUSDT,short,0.003,107281.3,0.0
2025-07-01T02:31:00.731320,BTCUSDT,buy,0.003,107336.0,0.0
2025-07-01T02:31:00.732341,BTCUSDT,close,0.003,107335.8,0.1635
2025-07-01T02:31:02.334279,BTCUSDT,sell,0.003,107335.8,0.0
2025-07-01T02:31:02.334279,BTCUSDT,short,0.003,107335.8,0.0
2025-07-01T02:42:03.557779,BTCUSDT,buy,0.003,107230.66667,0.0
2025-07-01T02:42:03.558787,BTCUSDT,close,0.003,107230.4,-0.3162000000000262
2025-07-01T02:42:05.180411,BTCUSDT,sell,0.003,107230.26667,0.0
2025-07-01T02:42:05.181422,BTCUSDT,short,0.003,107230.4,0.0
2025-07-01T02:48:00.503774,BTCUSDT,buy,0.003,107133.1,0.0
2025-07-01T02:48:00.504773,BTCUSDT,close,0.003,107133.1,-0.2918999999999651
2025-07-01T02:48:01.600042,BTCUSDT,sell,0.002,107132.1,0.0
2025-07-01T02:48:01.600042,BTCUSDT,short,0.002,107133.1,0.0
2025-07-01T03:27:01.183738,BTCUSDT,buy,0.002,107172.4,0.0
2025-07-01T03:27:01.184775,BTCUSDT,close,0.002,107172.3,0.07839999999999418
2025-07-01T03:27:02.807383,BTCUSDT,sell,0.003,107172.3,0.0
2025-07-01T03:27:02.808383,BTCUSDT,short,0.003,107172.3,0.0
2025-07-01T03:46:01.203019,BTCUSDT,buy,0.003,107078.5,0.0
2025-07-01T03:46:01.204043,BTCUSDT,close,0.003,107072.1,-0.30059999999999126
2025-07-01T03:46:02.813147,BTCUSDT,sell,0.004,107072.1,0.0
2025-07-01T03:46:02.813147,BTCUSDT,short,0.004,107072.1,0.0
2025-07-01T03:52:02.621484,BTCUSDT,buy,0.004,107100.3,0.0
2025-07-01T03:52:02.622835,BTCUSDT,close,0.004,107100.3,0.11279999999998835
2025-07-01T03:52:04.248924,BTCUSDT,sell,0.005,107100.2,0.0
2025-07-01T03:52:04.248924,BTCUSDT,short,0.005,107100.3,0.0
2025-07-01T03:53:01.211636,BTCUSDT,buy,0.005,107120.0,0.0
2025-07-01T03:53:01.211636,BTCUSDT,close,0.005,107119.9,0.09799999999995634
2025-07-01T03:53:02.307339,BTCUSDT,sell,0.005,107119.9,0.0
2025-07-01T03:53:02.308359,BTCUSDT,short,0.005,107119.9,0.0
2025-07-01T04:00:01.929874,BTCUSDT,buy,0.005,107168.4,0.0
2025-07-01T04:00:01.930876,BTCUSDT,close,0.005,107171.1,0.25600000000005824
2025-07-01T04:00:03.560835,BTCUSDT,sell,0.003,107167.5,0.0
2025-07-01T04:00:03.561844,BTCUSDT,short,0.003,107171.1,0.0
2025-07-01T04:05:01.021270,BTCUSDT,buy,0.003,107306.5,0.0
2025-07-01T04:05:01.022498,BTCUSDT,close,0.003,107300.0,0.38669999999998256
2025-07-01T04:05:02.715233,BTCUSDT,sell,0.003,107300.0,0.0
2025-07-01T04:05:02.716259,BTCUSDT,short,0.003,107300.0,0.0
2025-07-01T04:06:01.666502,BTCUSDT,buy,0.003,107170.3,0.0
2025-07-01T04:06:01.667619,BTCUSDT,close,0.003,107168.4,-0.39480000000001747
2025-07-01T04:06:03.276919,BTCUSDT,sell,0.002,107168.4,0.0
2025-07-01T04:06:03.276919,BTCUSDT,short,0.002,107168.4,0.0
2025-07-01T04:08:01.191572,BTCUSDT,buy,0.002,107296.1,0.0
2025-07-01T04:08:01.192952,BTCUSDT,close,0.002,107296.1,0.2554000000000233
2025-07-01T04:08:02.780842,BTCUSDT,sell,0.002,107290.0,0.0
2025-07-01T04:08:02.781845,BTCUSDT,short,0.002,107296.1,0.0
2025-07-01T04:17:03.988831,BTCUSDT,buy,0.002,107095.7,0.0
2025-07-01T04:17:03.989837,BTCUSDT,close,0.002,107095.6,-0.401
2025-07-01T04:17:05.601594,BTCUSDT,sell,0.001,107095.6,0.0
2025-07-01T04:17:05.602598,BTCUSDT,short,0.001,107095.6,0.0
2025-07-01T04:53:01.377708,BTCUSDT,buy,0.001,106844.1,0.0
2025-07-01T04:53:01.378727,BTCUSDT,close,0.001,106846.0,-0.24960000000000582
2025-07-01T04:53:02.990541,BTCUSDT,sell,0.003,106843.8,0.0
2025-07-01T04:53:02.990541,BTCUSDT,short,0.003,106846.0,0.0
2025-07-01T05:02:04.041209,BTCUSDT,buy,0.003,106881.5,0.0
2025-07-01T05:02:04.042222,BTCUSDT,close,0.003,106885.4,0.11819999999998254
2025-07-01T05:02:05.130980,BTCUSDT,sell,0.004,106881.0,0.0
2025-07-01T05:02:05.131980,BTCUSDT,short,0.004,106885.4,0.0
2025-07-01T05:06:01.367115,BTCUSDT,buy,0.004,107012.3,0.0
2025-07-01T05:06:01.368208,BTCUSDT,close,0.004,107012.4,0.508
2025-07-01T05:06:02.443843,BTCUSDT,sell,0.003,107007.1,0.0
2025-07-01T05:06:02.444849,BTCUSDT,short,0.003,107012.4,0.0
2025-07-01T05:07:03.975805,BTCUSDT,buy,0.003,106854.2,0.0
2025-07-01T05:07:03.976831,BTCUSDT,close,0.003,106854.1,-0.4748999999999651
2025-07-01T05:07:05.589630,BTCUSDT,sell,0.002,106852.7,0.0
2025-07-01T05:07:05.589630,BTCUSDT,short,0.002,106854.1,0.0
2025-07-01T05:13:01.621672,BTCUSDT,buy,0.002,106734.1,0.0
2025-07-01T05:13:01.621672,BTCUSDT,close,0.002,106733.2,-0.24180000000001747
2025-07-01T05:13:03.229418,BTCUSDT,sell,0.001,106733.2,0.0
2025-07-01T05:13:03.230581,BTCUSDT,short,0.001,106733.2,0.0
2025-07-01T05:33:00.970754,BTCUSDT,buy,0.001,106851.2,0.0
2025-07-01T05:33:00.972015,BTCUSDT,close,0.001,106849.1,0.11590000000000873
2025-07-01T05:33:02.577699,BTCUSDT,sell,0.002,106849.1,0.0
2025-07-01T05:33:02.578708,BTCUSDT,short,0.002,106849.1,0.0
2025-07-01T05:58:03.023822,BTCUSDT,buy,0.002,106900.2,0.0
2025-07-01T05:58:03.024831,BTCUSDT,close,0.002,106900.1,0.10200000000000001
2025-07-01T05:58:04.645316,BTCUSDT,sell,0.003,106900.1,0.0
2025-07-01T05:58:04.645316,BTCUSDT,short,0.003,106900.1,0.0
2025-07-01T06:00:01.334897,BTCUSDT,buy,0.003,106955.2,0.0
2025-07-01T06:00:01.334897,BTCUSDT,close,0.003,106972.3,0.21659999999999127
2025-07-01T06:00:02.943161,BTCUSDT,sell,0.002,106950.0,0.0
2025-07-01T06:00:02.943161,BTCUSDT,short,0.002,106972.3,0.0
2025-07-01T06:02:03.992170,BTCUSDT,buy,0.002,106825.1,0.0
2025-07-01T06:02:03.993616,BTCUSDT,close,0.002,106824.5,-0.2956000000000058
2025-07-01T06:02:05.602640,BTCUSDT,sell,0.002,106824.4,0.0
2025-07-01T06:02:05.602640,BTCUSDT,short,0.002,106824.5,0.0
2025-07-01T06:10:01.415470,BTCUSDT,buy,0.002,106900.8,0.0
2025-07-01T06:10:01.416474,BTCUSDT,close,0.002,106900.1,0.15120000000001166
2025-07-01T06:10:03.033127,BTCUSDT,sell,0.001,106900.0,0.0
2025-07-01T06:10:03.034131,BTCUSDT,short,0.001,106900.1,0.0
2025-07-01T07:21:01.353030,BTCUSDT,buy,0.001,106600.1,0.0
2025-07-01T07:21:01.354049,BTCUSDT,close,0.001,106600.0,-0.3001000000000058
2025-07-01T07:21:02.970341,BTCUSDT,sell,0.002,106600.0,0.0
2025-07-01T07:21:02.970341,BTCUSDT,short,0.002,106600.0,0.0
2025-07-01T07:25:01.462773,BTCUSDT,buy,0.002,106654.7,0.0
2025-07-01T07:25:01.463776,BTCUSDT,close,0.002,106643.5,0.08700000000000001
2025-07-01T07:25:03.067601,BTCUSDT,sell,0.002,106646.6,0.0
2025-07-01T07:25:03.067601,BTCUSDT,short,0.002,106643.5,0.0
2025-07-01T07:28:01.450248,BTCUSDT,buy,0.002,106734.0,0.0
2025-07-01T07:28:01.451577,BTCUSDT,close,0.002,106734.0,0.181
2025-07-01T07:28:03.078919,BTCUSDT,sell,0.001,106733.8,0.0
2025-07-01T07:28:03.078919,BTCUSDT,short,0.001,106734.0,0.0
2025-07-01T07:30:01.381344,BTCUSDT,buy,0.001,106800.0,0.0
2025-07-01T07:30:01.382349,BTCUSDT,close,0.001,106800.0,0.066
2025-07-01T07:30:02.985645,BTCUSDT,sell,0.001,106799.9,0.0
2025-07-01T07:30:02.986705,BTCUSDT,short,0.001,106800.0,0.0
2025-07-01T07:31:01.245512,BTCUSDT,buy,0.001,106966.8,0.0
2025-07-01T07:31:01.246532,BTCUSDT,close,0.001,106966.7,0.1666999999999971
2025-07-01T07:31:02.851697,BTCUSDT,sell,0.001,106966.7,0.0
2025-07-01T07:31:02.852719,BTCUSDT,short,0.001,106966.7,0.0
2025-07-01T07:51:01.809375,BTCUSDT,buy,0.001,107123.3,0.0
2025-07-01T07:51:01.810377,BTCUSDT,close,0.001,107123.3,0.15660000000000582
2025-07-01T07:51:03.435807,BTCUSDT,sell,0.002,107122.5,0.0
2025-07-01T07:51:03.435807,BTCUSDT,short,0.002,107123.3,0.0
2025-07-01T08:04:01.445190,BTCUSDT,buy,0.002,106993.0,0.0
2025-07-01T08:04:01.446222,BTCUSDT,close,0.002,106991.9,-0.26280000000001746
2025-07-01T08:04:03.061013,BTCUSDT,sell,0.002,106991.9,0.0
2025-07-01T08:04:03.061013,BTCUSDT,short,0.002,106991.9,0.0
2025-07-01T08:13:01.649266,BTCUSDT,buy,0.002,106898.5,0.0
2025-07-01T08:13:01.650287,BTCUSDT,close,0.002,106898.5,-0.18679999999998836
2025-07-01T08:13:02.732571,BTCUSDT,sell,0.002,106898.4,0.0
2025-07-01T08:13:02.732571,BTCUSDT,short,0.002,106898.5,0.0
2025-07-01T08:40:02.340384,BTCUSDT,buy,0.002,106740.9,0.0
2025-07-01T08:40:02.341421,BTCUSDT,close,0.002,106740.9,-0.31520000000001164
2025-07-01T08:40:03.981691,BTCUSDT,sell,0.003,106739.9,0.0
2025-07-01T08:40:03.982716,BTCUSDT,short,0.003,106740.9,0.0
2025-07-01T08:57:01.458826,BTCUSDT,buy,0.003,106650.8,0.0
2025-07-01T08:57:01.459827,BTCUSDT,close,0.003,106649.1,-0.27539999999996506
2025-07-01T08:57:02.542304,BTCUSDT,sell,0.004,106647.4,0.0
2025-07-01T08:57:02.542304,BTCUSDT,short,0.004,106649.1,0.0
2025-07-01T09:05:01.123161,BTCUSDT,buy,0.004,106691.4,0.0
2025-07-01T09:05:01.123161,BTCUSDT,close,0.004,106691.2,0.16839999999996508
2025-07-01T09:05:02.233612,BTCUSDT,sell,0.003,106691.2,0.0
2025-07-01T09:05:02.234647,BTCUSDT,short,0.003,106691.2,0.0
2025-07-01T09:07:02.208117,BTCUSDT,buy,0.003,106725.2,0.0
2025-07-01T09:07:02.208117,BTCUSDT,close,0.003,106724.2,0.099
2025-07-01T09:07:03.822370,BTCUSDT,sell,0.003,106721.3,0.0
2025-07-01T09:07:03.822370,BTCUSDT,short,0.003,106724.2,0.0
2025-07-01T09:18:02.367891,BTCUSDT,buy,0.003,106625.5,0.0
2025-07-01T09:18:02.369190,BTCUSDT,close,0.003,106627.8,-0.2891999999999825
2025-07-01T09:18:03.956962,BTCUSDT,sell,0.002,106621.0,0.0
2025-07-01T09:18:03.957970,BTCUSDT,short,0.002,106627.8,0.0
2025-07-01T09:47:02.206814,BTCUSDT,buy,0.002,106473.6,0.0
2025-07-01T09:47:02.207817,BTCUSDT,close,0.002,106473.3,-0.309
2025-07-01T09:47:03.826452,BTCUSDT,sell,0.002,106473.3,0.0
2025-07-01T09:47:03.827473,BTCUSDT,short,0.002,106473.3,0.0
2025-07-01T09:57:01.135293,BTCUSDT,buy,0.002,106540.8,0.0
2025-07-01T09:57:01.136376,BTCUSDT,close,0.002,106540.8,0.135
2025-07-01T09:57:02.744524,BTCUSDT,sell,0.002,106533.7,0.0
2025-07-01T09:57:02.745527,BTCUSDT,short,0.002,106540.8,0.0
2025-07-01T10:12:01.112302,BTCUSDT,buy,0.002,106582.7,0.0
2025-07-01T10:12:01.113310,BTCUSDT,close,0.002,106582.7,0.08379999999998836
2025-07-01T10:12:02.733758,BTCUSDT,sell,0.003,106580.0,0.0
2025-07-01T10:12:02.734802,BTCUSDT,short,0.003,106582.7,0.0
2025-07-01T10:18:02.519391,BTCUSDT,buy,0.003,106464.9,0.0
2025-07-01T10:18:02.520549,BTCUSDT,close,0.003,106466.0,-0.35009999999999125
2025-07-01T10:18:03.602843,BTCUSDT,sell,0.002,106457.0,0.0
2025-07-01T10:18:03.602843,BTCUSDT,short,0.002,106466.0,0.0
2025-07-01T10:39:00.981764,BTCUSDT,buy,0.002,106369.2,0.0
2025-07-01T10:39:00.983772,BTCUSDT,close,0.002,106337.6,-0.25679999999998837
2025-07-01T10:39:02.078415,BTCUSDT,sell,0.002,106337.6,0.0
2025-07-01T10:39:02.079429,BTCUSDT,short,0.002,106337.6,0.0
2025-07-01T11:00:01.351694,BTCUSDT,buy,0.002,106400.0,0.0
2025-07-01T11:00:01.352704,BTCUSDT,close,0.002,106400.0,0.12479999999998836
2025-07-01T11:00:02.462013,BTCUSDT,sell,0.003,106388.1,0.0
2025-07-01T11:00:02.463034,BTCUSDT,short,0.003,106400.0,0.0
2025-07-01T11:02:01.151239,BTCUSDT,buy,0.003,106471.2,0.0
2025-07-01T11:02:01.151239,BTCUSDT,close,0.003,106471.2,0.21359999999999127
2025-07-01T11:02:03.269076,BTCUSDT,sell,0.002,106471.1,0.0
2025-07-01T11:02:03.270083,BTCUSDT,short,0.002,106471.2,0.0
2025-07-01T11:08:01.034565,BTCUSDT,buy,0.002,106520.4,0.0
2025-07-01T11:08:01.035616,BTCUSDT,close,0.002,106520.4,0.09839999999999419
2025-07-01T11:08:02.641819,BTCUSDT,sell,0.003,106520.2,0.0
2025-07-01T11:08:02.641819,BTCUSDT,short,0.003,106520.4,0.0
2025-07-01T11:15:01.280056,BTCUSDT,buy,0.003,106371.0,0.0
2025-07-01T11:15:01.280056,BTCUSDT,close,0.003,106330.9,-0.5685
2025-07-01T11:15:02.374631,BTCUSDT,sell,0.003,106330.9,0.0
2025-07-01T11:15:02.374631,BTCUSDT,short,0.003,106330.9,0.0
2025-07-01T11:22:03.613830,BTCUSDT,buy,0.003,106361.4,0.0
2025-07-01T11:22:03.614831,BTCUSDT,close,0.003,106359.1,0.08460000000003493
2025-07-01T11:22:05.216005,BTCUSDT,sell,0.002,106358.8,0.0
2025-07-01T11:22:05.217022,BTCUSDT,short,0.002,106359.1,0.0
2025-07-01T11:25:01.184800,BTCUSDT,buy,0.002,106437.8,0.0
2025-07-01T11:25:01.184800,BTCUSDT,close,0.002,106452.0,0.18579999999998836
2025-07-01T11:25:02.788023,BTCUSDT,sell,0.002,106433.3,0.0
2025-07-01T11:25:02.789190,BTCUSDT,short,0.002,106452.0,0.0
2025-07-01T11:35:02.538036,BTCUSDT,buy,0.002,106560.0,0.0
2025-07-01T11:35:02.539051,BTCUSDT,close,0.002,106559.9,0.21579999999998836
2025-07-01T11:35:04.146446,BTCUSDT,sell,0.003,106559.9,0.0
2025-07-01T11:35:04.147585,BTCUSDT,short,0.003,106559.9,0.0
2025-07-01T12:02:03.118206,BTCUSDT,buy,0.003,106602.6,0.0
2025-07-01T12:02:03.119207,BTCUSDT,close,0.003,106602.6,0.12810000000003494
2025-07-01T12:02:04.218394,BTCUSDT,sell,0.003,106600.0,0.0
2025-07-01T12:02:04.219590,BTCUSDT,short,0.003,106602.6,0.0
2025-07-01T12:06:00.623287,BTCUSDT,buy,0.003,106718.4,0.0
2025-07-01T12:06:00.624640,BTCUSDT,close,0.003,106700.5,0.29369999999998253
2025-07-01T12:06:02.247012,BTCUSDT,sell,0.001,106700.4,0.0
2025-07-01T12:06:02.248011,BTCUSDT,short,0.001,106700.5,0.0
2025-07-01T12:25:02.742623,BTCUSDT,buy,0.001,106481.7,0.0
2025-07-01T12:25:02.743623,BTCUSDT,close,0.001,106471.6,-0.2288999999999942
2025-07-01T12:25:04.368475,BTCUSDT,sell,0.002,106471.0,0.0
2025-07-01T12:25:04.369481,BTCUSDT,short,0.002,106471.6,0.0
2025-07-01T12:28:00.975719,BTCUSDT,buy,0.002,106330.7,0.0
2025-07-01T12:28:00.976720,BTCUSDT,close,0.002,106325.4,-0.2924000000000233
2025-07-01T12:28:02.595315,BTCUSDT,sell,0.002,106325.4,0.0
2025-07-01T12:28:02.596667,BTCUSDT,short,0.002,106325.4,0.0
2025-07-01T12:31:01.445465,BTCUSDT,buy,0.002,106405.5,0.0
2025-07-01T12:31:01.445973,BTCUSDT,close,0.002,106403.4,0.156
2025-07-01T12:31:03.065913,BTCUSDT,sell,0.002,106403.1,0.0
2025-07-01T12:31:03.066955,BTCUSDT,short,0.002,106403.4,0.0
2025-07-01T12:33:01.349689,BTCUSDT,buy,0.002,106504.2,0.0
2025-07-01T12:33:01.350696,BTCUSDT,close,0.002,106504.2,0.20160000000000583
2025-07-01T12:33:02.947768,BTCUSDT,sell,0.002,106488.4,0.0
2025-07-01T12:33:02.948771,BTCUSDT,short,0.002,106504.2,0.0
2025-07-01T12:46:01.905711,BTCUSDT,buy,0.002,106325.4,0.0
2025-07-01T12:46:01.907733,BTCUSDT,close,0.002,106332.0,-0.3443999999999942
2025-07-01T12:46:03.009177,BTCUSDT,sell,0.002,106325.3,0.0
2025-07-01T12:46:03.010324,BTCUSDT,short,0.002,106332.0,0.0
2025-07-01T12:48:01.295676,BTCUSDT,buy,0.002,106400.3,0.0
2025-07-01T12:48:01.295676,BTCUSDT,close,0.002,106400.3,0.13660000000000583
2025-07-01T12:48:02.396579,BTCUSDT,sell,0.001,106406.3,0.0
2025-07-01T12:48:02.396579,BTCUSDT,short,0.001,106400.3,0.0
2025-07-01T13:18:01.849601,BTCUSDT,buy,0.001,106493.3,0.0
2025-07-01T13:18:01.852000,BTCUSDT,close,0.001,106493.3,0.093
2025-07-01T13:18:02.433059,BTCUSDT,sell,0.003,106492.1,0.0
2025-07-01T13:18:02.433059,BTCUSDT,short,0.003,106493.3,0.0
2025-07-01T13:27:02.158860,BTCUSDT,buy,0.003,106518.1,0.0
2025-07-01T13:27:02.159860,BTCUSDT,close,0.003,106523.0,0.08909999999999127
2025-07-01T13:27:03.778773,BTCUSDT,sell,0.003,106518.0,0.0
2025-07-01T13:27:03.780213,BTCUSDT,short,0.003,106523.0,0.0
2025-07-01T13:28:01.388362,BTCUSDT,buy,0.003,106568.1,0.0
2025-07-01T13:28:01.389373,BTCUSDT,close,0.003,106568.0,0.135
2025-07-01T13:28:02.491723,BTCUSDT,sell,0.003,106566.9,0.0
2025-07-01T13:28:02.494084,BTCUSDT,short,0.003,106568.0,0.0
2025-07-01T13:31:02.399283,BTCUSDT,buy,0.003,106678.0,0.0
2025-07-01T13:31:02.406757,BTCUSDT,close,0.003,106677.6,0.32880000000001747
2025-07-01T13:31:04.001417,BTCUSDT,sell,0.002,106677.5,0.0
2025-07-01T13:31:04.001417,BTCUSDT,short,0.002,106677.6,0.0
2025-07-01T13:37:01.488978,BTCUSDT,buy,0.002,106799.0,0.0
2025-07-01T13:37:01.490143,BTCUSDT,close,0.002,106799.0,0.24279999999998836
2025-07-01T13:37:03.103725,BTCUSDT,sell,0.001,106798.9,0.0
2025-07-01T13:37:03.104727,BTCUSDT,short,0.001,106799.0,0.0
2025-07-01T13:41:01.415701,BTCUSDT,buy,0.001,106423.7,0.0
2025-07-01T13:41:01.416830,BTCUSDT,close,0.001,106426.4,-0.3726000000000058
2025-07-01T13:41:03.029235,BTCUSDT,sell,0.001,106420.1,0.0
2025-07-01T13:41:03.030292,BTCUSDT,short,0.001,106426.4,0.0
2025-07-01T13:48:01.653961,BTCUSDT,buy,0.001,106581.1,0.0
2025-07-01T13:48:01.655967,BTCUSDT,close,0.001,106580.1,0.15370000000001163
2025-07-01T13:48:03.252067,BTCUSDT,sell,0.001,106578.5,0.0
2025-07-01T13:48:03.253066,BTCUSDT,short,0.001,106580.1,0.0
2025-07-01T13:51:01.043607,BTCUSDT,buy,0.001,106713.5,0.0
2025-07-01T13:51:01.043607,BTCUSDT,close,0.001,106712.5,0.1323999999999942
2025-07-01T13:51:02.651568,BTCUSDT,sell,0.001,106708.6,0.0
2025-07-01T13:51:02.652569,BTCUSDT,short,0.001,106712.5,0.0
2025-07-01T14:01:01.082344,BTCUSDT,buy,0.001,106836.2,0.0
2025-07-01T14:01:01.083381,BTCUSDT,close,0.001,106836.2,0.12369999999999709
2025-07-01T14:01:02.697853,BTCUSDT,sell,0.002,106834.4,0.0
2025-07-01T14:01:02.698855,BTCUSDT,short,0.002,106836.2,0.0
2025-07-01T14:07:01.479721,BTCUSDT,buy,0.002,106949.0,0.0
2025-07-01T14:07:01.479721,BTCUSDT,close,0.002,106930.9,0.18939999999999418
2025-07-01T14:07:03.106576,BTCUSDT,sell,0.004,106922.7,0.0
2025-07-01T14:07:03.107576,BTCUSDT,short,0.004,106930.9,0.0
2025-07-01T14:08:02.938169,BTCUSDT,buy,0.004,107017.1,0.0
2025-07-01T14:08:02.939406,BTCUSDT,close,0.004,107014.1,0.33280000000004656
2025-07-01T14:08:04.552651,BTCUSDT,sell,0.003,107009.9,0.0
2025-07-01T14:08:04.553648,BTCUSDT,short,0.003,107014.1,0.0
2025-07-01T14:15:02.448739,BTCUSDT,buy,0.003,107070.1,0.0
2025-07-01T14:15:02.449742,BTCUSDT,close,0.003,107070.1,0.168
2025-07-01T14:15:03.529882,BTCUSDT,sell,0.002,107068.0,0.0
2025-07-01T14:15:03.530879,BTCUSDT,short,0.002,107070.1,0.0
2025-07-01T14:23:01.462952,BTCUSDT,buy,0.002,106871.7,0.0
2025-07-01T14:23:01.463952,BTCUSDT,close,0.002,106868.8,-0.40260000000000584
2025-07-01T14:23:02.549075,BTCUSDT,sell,0.002,106865.6,0.0
2025-07-01T14:23:02.550078,BTCUSDT,short,0.002,106868.8,0.0
2025-07-01T14:28:01.387536,BTCUSDT,buy,0.002,106554.1,0.0
2025-07-01T14:28:01.388548,BTCUSDT,close,0.002,106554.1,-0.6293999999999942
2025-07-01T14:28:03.005452,BTCUSDT,sell,0.001,106550.5,0.0
2025-07-01T14:28:03.006478,BTCUSDT,short,0.001,106554.1,0.0
2025-07-01T14:39:01.391712,BTCUSDT,buy,0.001,106307.2,0.0
2025-07-01T14:39:01.391712,BTCUSDT,close,0.001,106304.7,-0.24940000000000873
2025-07-01T14:39:03.010616,BTCUSDT,sell,0.001,106302.9,0.0
2025-07-01T14:39:03.011618,BTCUSDT,short,0.001,106304.7,0.0
2025-07-01T14:43:01.396806,BTCUSDT,buy,0.001,105972.2,0.0
2025-07-01T14:43:01.397982,BTCUSDT,close,0.001,105964.8,-0.3398999999999942
2025-07-01T14:43:03.006978,BTCUSDT,sell,0.001,105960.8,0.0
2025-07-01T14:43:03.007981,BTCUSDT,short,0.001,105964.8,0.0
2025-07-01T15:14:01.318943,BTCUSDT,buy,0.001,105631.1,0.0
2025-07-01T15:14:01.319944,BTCUSDT,close,0.001,105631.1,-0.3336999999999971
2025-07-01T15:14:02.408661,BTCUSDT,sell,0.001,105629.9,0.0
2025-07-01T15:14:02.408661,BTCUSDT,short,0.001,105631.1,0.0
2025-07-01T15:19:02.218005,BTCUSDT,buy,0.001,105722.3,0.0
2025-07-01T15:19:02.219009,BTCUSDT,close,0.001,105724.1,0.093
2025-07-01T15:19:03.552636,BTCUSDT,sell,0.002,105717.7,0.0
2025-07-01T15:19:03.553727,BTCUSDT,short,0.002,105724.1,0.0
2025-07-01T15:23:02.789921,BTCUSDT,buy,0.002,105816.6,0.0
2025-07-01T15:23:02.789921,BTCUSDT,close,0.002,105816.6,0.185
2025-07-01T15:23:04.408126,BTCUSDT,sell,0.002,105813.0,0.0
2025-07-01T15:23:04.408126,BTCUSDT,short,0.002,105816.6,0.0
2025-07-01T15:27:01.332046,BTCUSDT,buy,0.002,105888.5,0.0
2025-07-01T15:27:01.333047,BTCUSDT,close,0.002,105888.4,0.14359999999997672
2025-07-01T15:27:02.942363,BTCUSDT,sell,0.001,105889.6,0.0
2025-07-01T15:27:02.942363,BTCUSDT,short,0.001,105888.4,0.0
2025-07-01T15:32:01.385450,BTCUSDT,buy,0.001,105998.5,0.0
2025-07-01T15:32:01.386465,BTCUSDT,close,0.001,105997.7,0.10930000000000291
2025-07-01T15:32:02.990076,BTCUSDT,sell,0.001,105997.7,0.0
2025-07-01T15:32:02.991085,BTCUSDT,short,0.001,105997.7,0.0
2025-07-01T15:35:01.077547,BTCUSDT,buy,0.001,106112.1,0.0
2025-07-01T15:35:01.078569,BTCUSDT,close,0.001,106112.1,0.11440000000000873
2025-07-01T15:35:02.151018,BTCUSDT,sell,0.001,106111.2,0.0
2025-07-01T15:35:02.151018,BTCUSDT,short,0.001,106112.1,0.0
2025-07-01T15:42:01.409670,BTCUSDT,buy,0.001,105835.6,0.0
2025-07-01T15:42:01.410674,BTCUSDT,close,0.001,105835.6,-0.2765
2025-07-01T15:42:03.024072,BTCUSDT,sell,0.001,105830.8,0.0
2025-07-01T15:42:03.024072,BTCUSDT,short,0.001,105835.6,0.0
2025-07-01T15:47:01.548984,BTCUSDT,buy,0.001,105931.9,0.0
2025-07-01T15:47:01.549985,BTCUSDT,close,0.001,105931.9,0.09629999999998837
2025-07-01T15:47:03.158032,BTCUSDT,sell,0.001,105931.2,0.0
2025-07-01T15:47:03.159032,BTCUSDT,short,0.001,105931.9,0.0
2025-07-01T16:11:01.303944,BTCUSDT,buy,0.001,106033.1,0.0
2025-07-01T16:11:01.304961,BTCUSDT,close,0.001,106028.8,0.09690000000000873
2025-07-01T16:11:02.909918,BTCUSDT,sell,0.003,106031.8,0.0
2025-07-01T16:11:02.909918,BTCUSDT,short,0.003,106028.8,0.0
2025-07-01T16:12:02.887544,BTCUSDT,buy,0.003,106103.6,0.0
2025-07-01T16:12:02.888547,BTCUSDT,close,0.003,106103.6,0.22440000000000873
2025-07-01T16:12:04.497516,BTCUSDT,sell,0.003,106102.9,0.0
2025-07-01T16:12:04.498519,BTCUSDT,short,0.003,106103.6,0.0
2025-07-01T16:14:00.979644,BTCUSDT,buy,0.003,106228.8,0.0
2025-07-01T16:14:00.980710,BTCUSDT,close,0.003,106183.9,0.2408999999999651
2025-07-01T16:14:02.596180,BTCUSDT,sell,0.002,106228.7,0.0
2025-07-01T16:14:02.597213,BTCUSDT,short,0.002,106183.9,0.0
2025-07-01T16:22:04.018441,BTCUSDT,buy,0.002,106020.0,0.0
2025-07-01T16:22:04.019465,BTCUSDT,close,0.002,106020.5,-0.3267999999999884
2025-07-01T16:22:05.615780,BTCUSDT,sell,0.002,106016.9,0.0
2025-07-01T16:22:05.616844,BTCUSDT,short,0.002,106020.5,0.0
2025-07-01T16:25:01.085179,BTCUSDT,buy,0.002,106087.3,0.0
2025-07-01T16:25:01.086238,BTCUSDT,close,0.002,106086.0,0.131
2025-07-01T16:25:02.719987,BTCUSDT,sell,0.002,106082.0,0.0
2025-07-01T16:25:02.719987,BTCUSDT,short,0.002,106086.0,0.0
2025-07-01T16:28:01.114582,BTCUSDT,buy,0.002,106170.7,0.0
2025-07-01T16:28:01.115588,BTCUSDT,close,0.002,106172.2,0.17239999999999417
2025-07-01T16:28:02.737503,BTCUSDT,sell,0.002,106170.6,0.0
2025-07-01T16:28:02.737503,BTCUSDT,short,0.002,106172.2,0.0
2025-07-01T16:47:01.327554,BTCUSDT,buy,0.002,106007.8,0.0
2025-07-01T16:47:01.329556,BTCUSDT,close,0.002,106007.8,-0.3287999999999884
2025-07-01T16:47:02.432717,BTCUSDT,sell,0.003,106001.4,0.0
2025-07-01T16:47:02.433722,BTCUSDT,short,0.003,106007.8,0.0
2025-07-01T16:49:01.279779,BTCUSDT,buy,0.003,106106.3,0.0
2025-07-01T16:49:01.280779,BTCUSDT,close,0.003,106103.2,0.2861999999999825
2025-07-01T16:49:02.884974,BTCUSDT,sell,0.002,106090.5,0.0
2025-07-01T16:49:02.885975,BTCUSDT,short,0.002,106103.2,0.0
2025-07-01T17:05:01.374583,BTCUSDT,buy,0.002,105887.6,0.0
2025-07-01T17:05:01.375591,BTCUSDT,close,0.002,105887.6,-0.43119999999998254
2025-07-01T17:05:03.002331,BTCUSDT,sell,0.002,105885.5,0.0
2025-07-01T17:05:03.002331,BTCUSDT,short,0.002,105887.6,0.0
2025-07-01T17:06:01.155062,BTCUSDT,buy,0.002,105946.4,0.0
2025-07-01T17:06:01.156072,BTCUSDT,close,0.002,105946.4,0.11759999999997672
2025-07-01T17:06:02.755277,BTCUSDT,sell,0.002,105940.8,0.0
2025-07-01T17:06:02.756302,BTCUSDT,short,0.002,105946.4,0.0
2025-07-01T17:10:01.484694,BTCUSDT,buy,0.002,106053.1,0.0
2025-07-01T17:10:01.485684,BTCUSDT,close,0.002,106050.6,0.2084000000000233
2025-07-01T17:10:03.083862,BTCUSDT,sell,0.001,106050.6,0.0
2025-07-01T17:10:03.085089,BTCUSDT,short,0.001,106050.6,0.0
2025-07-01T17:13:01.649592,BTCUSDT,buy,0.001,106128.0,0.0
2025-07-01T17:13:01.650606,BTCUSDT,close,0.001,106128.0,0.07739999999999418
2025-07-01T17:13:02.737731,BTCUSDT,sell,0.002,106127.1,0.0
2025-07-01T17:13:02.738734,BTCUSDT,short,0.002,106128.0,0.0
2025-07-01T17:23:01.016136,BTCUSDT,buy,0.002,106199.9,0.0
2025-07-01T17:23:01.017135,BTCUSDT,close,0.002,106199.9,0.14379999999998835
2025-07-01T17:23:02.628553,BTCUSDT,sell,0.003,106198.26667,0.0
2025-07-01T17:23:02.629551,BTCUSDT,short,0.003,106199.9,0.0
2025-07-01T17:25:01.407355,BTCUSDT,buy,0.003,106240.0,0.0
2025-07-01T17:25:01.408365,BTCUSDT,close,0.003,106240.0,0.12030000000001746
2025-07-01T17:25:02.505907,BTCUSDT,sell,0.002,106237.2,0.0
2025-07-01T17:25:02.505907,BTCUSDT,short,0.002,106240.0,0.0
2025-07-01T17:34:01.916655,BTCUSDT,buy,0.002,106052.8,0.0
2025-07-01T17:34:01.917677,BTCUSDT,close,0.002,106058.8,-0.36239999999999417
2025-07-01T17:34:03.528433,BTCUSDT,sell,0.002,106039.7,0.0
2025-07-01T17:34:03.530488,BTCUSDT,short,0.002,106058.8,0.0
2025-07-01T17:41:01.587767,BTCUSDT,buy,0.002,106130.2,0.0
2025-07-01T17:41:01.588773,BTCUSDT,close,0.002,106130.3,0.14300000000000002
2025-07-01T17:41:03.189776,BTCUSDT,sell,0.002,106125.55,0.0
2025-07-01T17:41:03.189776,BTCUSDT,short,0.002,106130.3,0.0
2025-07-01T17:42:01.396248,BTCUSDT,buy,0.002,106198.4,0.0
2025-07-01T17:42:01.396248,BTCUSDT,close,0.002,106198.4,0.13619999999998253
2025-07-01T17:42:03.005034,BTCUSDT,sell,0.002,106197.6,0.0
2025-07-01T17:42:03.005034,BTCUSDT,short,0.002,106198.4,0.0
2025-07-01T18:17:01.312818,BTCUSDT,buy,0.002,106056.7,0.0
2025-07-01T18:17:01.313997,BTCUSDT,close,0.002,106056.7,-0.2833999999999942
2025-07-01T18:17:02.420329,BTCUSDT,sell,0.005,106056.6,0.0
2025-07-01T18:17:02.420329,BTCUSDT,short,0.005,106056.7,0.0
2025-07-01T18:19:01.598171,BTCUSDT,buy,0.005,105959.6,0.0
2025-07-01T18:19:01.598171,BTCUSDT,close,0.005,105959.6,-0.48549999999995636
2025-07-01T18:19:03.202881,BTCUSDT,sell,0.003,105951.0,0.0
2025-07-01T18:19:03.202881,BTCUSDT,short,0.003,105959.6,0.0
2025-07-01T18:40:02.100074,BTCUSDT,buy,0.003,105826.0,0.0
2025-07-01T18:40:02.100074,BTCUSDT,close,0.003,105822.7,-0.4107000000000262
2025-07-01T18:40:03.704726,BTCUSDT,sell,0.006,105825.6,0.0
2025-07-01T18:40:03.704726,BTCUSDT,short,0.006,105822.7,0.0
2025-07-01T18:59:02.648579,BTCUSDT,buy,0.006,105652.3,0.0
2025-07-01T18:59:02.649611,BTCUSDT,close,0.006,105651.0,-1.0301999999999825
2025-07-01T18:59:04.270199,BTCUSDT,sell,0.002,105649.5,0.0
2025-07-01T18:59:04.270199,BTCUSDT,short,0.002,105651.0,0.0
2025-07-01T19:00:03.292170,BTCUSDT,buy,0.002,105724.95,0.0
2025-07-01T19:00:03.292170,BTCUSDT,close,0.002,105726.2,0.15039999999999418
2025-07-01T19:00:04.921154,BTCUSDT,sell,0.002,105722.8,0.0
2025-07-01T19:00:04.922455,BTCUSDT,short,0.002,105726.2,0.0
2025-07-01T19:09:01.487362,BTCUSDT,buy,0.002,105538.0,0.0
2025-07-01T19:09:01.487362,BTCUSDT,close,0.002,105534.8,-0.38279999999998837
2025-07-01T19:09:03.106951,BTCUSDT,sell,0.001,105534.9,0.0
2025-07-01T19:09:03.106951,BTCUSDT,short,0.001,105534.8,0.0
2025-07-01T19:15:00.952749,BTCUSDT,buy,0.001,105604.5,0.0
2025-07-01T19:15:00.953749,BTCUSDT,close,0.001,105604.5,0.0696999999999971
2025-07-01T19:15:02.560010,BTCUSDT,sell,0.002,105604.1,0.0
2025-07-01T19:15:02.561025,BTCUSDT,short,0.002,105604.5,0.0
2025-07-01T19:24:03.333038,BTCUSDT,buy,0.002,105665.9,0.0
2025-07-01T19:24:03.334042,BTCUSDT,close,0.002,105665.8,0.12260000000000583
2025-07-01T19:24:04.956721,BTCUSDT,sell,0.002,105665.8,0.0
2025-07-01T19:24:04.957921,BTCUSDT,short,0.002,105665.8,0.0
2025-07-01T19:43:04.065201,BTCUSDT,buy,0.002,105400.8,0.0
2025-07-01T19:43:04.066347,BTCUSDT,close,0.002,105399.9,-0.5318000000000175
2025-07-01T19:43:05.688039,BTCUSDT,sell,0.002,105400.0,0.0
2025-07-01T19:43:05.688039,BTCUSDT,short,0.002,105399.9,0.0
2025-07-01T19:46:01.611383,BTCUSDT,buy,0.002,105450.4,0.0
2025-07-01T19:46:01.611383,BTCUSDT,close,0.002,105450.4,0.101
2025-07-01T19:46:03.219745,BTCUSDT,sell,0.002,105450.3,0.0
2025-07-01T19:46:03.220766,BTCUSDT,short,0.002,105450.4,0.0
2025-07-01T19:48:02.617052,BTCUSDT,buy,0.002,105539.8,0.0
2025-07-01T19:48:02.618162,BTCUSDT,close,0.002,105539.8,0.17880000000001747
2025-07-01T19:48:04.227764,BTCUSDT,sell,0.002,105538.7,0.0
2025-07-01T19:48:04.228789,BTCUSDT,short,0.002,105539.8,0.0
2025-07-01T19:49:01.400228,BTCUSDT,buy,0.002,105602.7,0.0
2025-07-01T19:49:01.401231,BTCUSDT,close,0.002,105600.1,0.12060000000000583
2025-07-01T19:49:03.013399,BTCUSDT,sell,0.002,105600.0,0.0
2025-07-01T19:49:03.014421,BTCUSDT,short,0.002,105600.1,0.0
2025-07-01T19:59:01.236140,BTCUSDT,buy,0.002,105384.7,0.0
2025-07-01T19:59:01.237215,BTCUSDT,close,0.002,105273.4,-0.6534000000000233
2025-07-01T19:59:02.858407,BTCUSDT,sell,0.002,105384.6,0.0
2025-07-01T19:59:02.859764,BTCUSDT,short,0.002,105273.4,0.0
2025-07-01T20:00:01.122918,BTCUSDT,buy,0.002,105352.7,0.0
2025-07-01T20:00:01.124391,BTCUSDT,close,0.002,105353.7,0.16060000000000582
2025-07-01T20:00:02.736232,BTCUSDT,sell,0.001,105352.2,0.0
2025-07-01T20:00:02.737254,BTCUSDT,short,0.001,105353.7,0.0
2025-07-01T20:12:00.961155,BTCUSDT,buy,0.001,105461.3,0.0
2025-07-01T20:12:00.961155,BTCUSDT,close,0.001,105461.4,0.10769999999999709
2025-07-01T20:12:02.583043,BTCUSDT,sell,0.001,105452.6,0.0
2025-07-01T20:12:02.583043,BTCUSDT,short,0.001,105461.4,0.0
2025-07-01T20:22:03.949904,BTCUSDT,buy,0.001,105528.1,0.0
2025-07-01T20:22:03.949904,BTCUSDT,close,0.001,105531.4,0.07
2025-07-01T20:22:05.575575,BTCUSDT,sell,0.002,105528.0,0.0
2025-07-01T20:22:05.576603,BTCUSDT,short,0.002,105531.4,0.0
2025-07-01T20:29:04.002567,BTCUSDT,buy,0.002,105578.7,0.0
2025-07-01T20:29:04.003575,BTCUSDT,close,0.002,105578.6,0.09440000000002328
2025-07-01T20:29:05.615585,BTCUSDT,sell,0.004,105578.6,0.0
2025-07-01T20:29:05.616585,BTCUSDT,short,0.004,105578.6,0.0
2025-07-01T20:31:01.208731,BTCUSDT,buy,0.004,105622.1,0.0
2025-07-01T20:31:01.209732,BTCUSDT,close,0.004,105622.1,0.17400000000000002
2025-07-01T20:31:02.815405,BTCUSDT,sell,0.003,105620.0,0.0
2025-07-01T20:31:02.816407,BTCUSDT,short,0.003,105622.1,0.0
2025-07-01T20:37:01.248046,BTCUSDT,buy,0.003,105655.0,0.0
2025-07-01T20:37:01.248046,BTCUSDT,close,0.003,105655.0,0.09869999999998254
2025-07-01T20:37:02.870914,BTCUSDT,sell,0.002,105654.2,0.0
2025-07-01T20:37:02.870914,BTCUSDT,short,0.002,105655.0,0.0
2025-07-01T20:40:01.433407,BTCUSDT,buy,0.002,105699.2,0.0
2025-07-01T20:40:01.434415,BTCUSDT,close,0.002,105699.2,0.08839999999999418
2025-07-01T20:40:03.029985,BTCUSDT,sell,0.002,105699.1,0.0
2025-07-01T20:40:03.029985,BTCUSDT,short,0.002,105699.2,0.0
2025-07-01T20:48:04.142452,BTCUSDT,buy,0.002,105755.6,0.0
2025-07-01T20:48:04.143473,BTCUSDT,close,0.002,105755.6,0.11280000000001747
2025-07-01T20:48:05.757173,BTCUSDT,sell,0.006,105754.9,0.0
2025-07-01T20:48:05.758191,BTCUSDT,short,0.006,105755.6,0.0
2025-07-01T20:52:02.131519,BTCUSDT,buy,0.006,105830.0,0.0
2025-07-01T20:52:02.132520,BTCUSDT,close,0.006,105830.0,0.4463999999999651
2025-07-01T20:52:03.745308,BTCUSDT,sell,0.005,105829.9,0.0
2025-07-01T20:52:03.745308,BTCUSDT,short,0.005,105830.0,0.0
2025-07-01T20:57:01.464098,BTCUSDT,buy,0.005,105886.2,0.0
2025-07-01T20:57:01.465103,BTCUSDT,close,0.005,105886.2,0.28099999999998543
2025-07-01T20:57:02.548240,BTCUSDT,sell,0.005,105886.0,0.0
2025-07-01T20:57:02.548240,BTCUSDT,short,0.005,105886.2,0.0
2025-07-01T21:02:01.466242,BTCUSDT,buy,0.005,105796.7,0.0
2025-07-01T21:02:01.467247,BTCUSDT,close,0.005,105792.0,-0.47099999999998543
2025-07-01T21:02:03.094203,BTCUSDT,sell,0.004,105793.55,0.0
2025-07-01T21:02:03.095201,BTCUSDT,short,0.004,105792.0,0.0
2025-07-01T21:06:02.011504,BTCUSDT,buy,0.004,105703.1,0.0
2025-07-01T21:06:02.012526,BTCUSDT,close,0.004,105700.0,-0.368
2025-07-01T21:06:03.627979,BTCUSDT,sell,0.003,105700.0,0.0
2025-07-01T21:06:03.627979,BTCUSDT,short,0.003,105700.0,0.0
2025-07-01T21:10:01.387758,BTCUSDT,buy,0.003,105762.9,0.0
2025-07-01T21:10:01.387758,BTCUSDT,close,0.003,105758.9,0.17669999999998254
2025-07-01T21:10:03.010524,BTCUSDT,sell,0.003,105762.8,0.0
2025-07-01T21:10:03.010524,BTCUSDT,short,0.003,105758.9,0.0
2025-07-01T21:15:01.076169,BTCUSDT,buy,0.003,105806.1,0.0
2025-07-01T21:15:01.077183,BTCUSDT,close,0.003,105801.2,0.12690000000000873
2025-07-01T21:15:02.699019,BTCUSDT,sell,0.004,105801.1,0.0
2025-07-01T21:15:02.699019,BTCUSDT,short,0.004,105801.2,0.0
2025-07-01T21:16:03.791458,BTCUSDT,buy,0.004,105848.4,0.0
2025-07-01T21:16:03.791458,BTCUSDT,close,0.004,105848.5,0.18920000000001164
2025-07-01T21:16:05.406450,BTCUSDT,sell,0.004,105845.5,0.0
2025-07-01T21:16:05.407470,BTCUSDT,short,0.004,105848.5,0.0
2025-07-01T21:19:01.526421,BTCUSDT,buy,0.004,105900.0,0.0
2025-07-01T21:19:01.527431,BTCUSDT,close,0.004,105900.0,0.20600000000000002
2025-07-01T21:19:03.150336,BTCUSDT,sell,0.003,105892.7,0.0
2025-07-01T21:19:03.151358,BTCUSDT,short,0.003,105900.0,0.0
2025-07-01T21:23:04.113621,BTCUSDT,buy,0.003,105947.7,0.0
2025-07-01T21:23:04.113621,BTCUSDT,close,0.003,105967.9,0.20369999999998253
2025-07-01T21:23:05.724471,BTCUSDT,sell,0.003,105947.6,0.0
2025-07-01T21:23:05.724471,BTCUSDT,short,0.003,105967.9,0.0
2025-07-01T21:32:02.748424,BTCUSDT,buy,0.003,105840.1,0.0
2025-07-01T21:32:02.748424,BTCUSDT,close,0.003,105835.0,-0.39869999999998257
2025-07-01T21:32:04.376475,BTCUSDT,sell,0.002,105835.0,0.0
2025-07-01T21:32:04.377474,BTCUSDT,short,0.002,105835.0,0.0
2025-07-01T22:26:01.388103,BTCUSDT,buy,0.002,105673.6,0.0
2025-07-01T22:26:01.389131,BTCUSDT,close,0.002,105673.6,-0.3227999999999884
2025-07-01T22:26:03.021956,BTCUSDT,sell,0.004,105667.7,0.0
2025-07-01T22:26:03.022986,BTCUSDT,short,0.004,105673.6,0.0
2025-07-01T22:28:02.341804,BTCUSDT,buy,0.004,105699.6,0.0
2025-07-01T22:28:02.342803,BTCUSDT,close,0.004,105695.2,0.08639999999996507
2025-07-01T22:28:03.953594,BTCUSDT,sell,0.005,105699.1,0.0
2025-07-01T22:28:03.953594,BTCUSDT,short,0.005,105695.2,0.0
2025-07-01T22:32:01.046125,BTCUSDT,buy,0.005,105612.96,0.0
2025-07-01T22:32:01.047124,BTCUSDT,close,0.005,105617.3,-0.3894999999999709
2025-07-01T22:32:02.667545,BTCUSDT,sell,0.004,105610.7,0.0
2025-07-01T22:32:02.667545,BTCUSDT,short,0.004,105617.3,0.0
2025-07-01T22:35:00.461503,BTCUSDT,buy,0.004,105670.0,0.0
2025-07-01T22:35:00.461503,BTCUSDT,close,0.004,105670.0,0.21079999999998836
2025-07-01T22:35:02.085324,BTCUSDT,sell,0.003,105667.83333,0.0
2025-07-01T22:35:02.085324,BTCUSDT,short,0.003,105670.0,0.0
2025-07-01T22:36:03.098831,BTCUSDT,buy,0.003,105705.2,0.0
2025-07-01T22:36:03.100071,BTCUSDT,close,0.003,105713.0,0.129
2025-07-01T22:36:04.695930,BTCUSDT,sell,0.003,105705.0,0.0
2025-07-01T22:36:04.696960,BTCUSDT,short,0.003,105713.0,0.0
2025-07-01T22:40:02.176433,BTCUSDT,buy,0.003,105749.0,0.0
2025-07-01T22:40:02.177447,BTCUSDT,close,0.003,105748.9,0.10769999999998255
2025-07-01T22:40:03.786616,BTCUSDT,sell,0.003,105744.93333,0.0
2025-07-01T22:40:03.787646,BTCUSDT,short,0.003,105748.9,0.0
2025-07-01T22:59:02.883278,BTCUSDT,buy,0.003,105601.7,0.0
2025-07-01T22:59:02.884277,BTCUSDT,close,0.003,105607.5,-0.42419999999998254
2025-07-01T22:59:04.499993,BTCUSDT,sell,0.003,105600.0,0.0
2025-07-01T22:59:04.499993,BTCUSDT,short,0.003,105607.5,0.0
2025-07-01T23:06:02.712302,BTCUSDT,buy,0.003,105424.9,0.0
2025-07-01T23:06:02.713359,BTCUSDT,close,0.003,105422.7,-0.5544000000000088
2025-07-01T23:06:04.318875,BTCUSDT,sell,0.002,105417.7,0.0
2025-07-01T23:06:04.319905,BTCUSDT,short,0.002,105422.7,0.0
2025-07-01T23:28:04.170773,BTCUSDT,buy,0.002,105486.4,0.0
2025-07-01T23:28:04.171772,BTCUSDT,close,0.002,105486.4,0.12739999999999418
2025-07-01T23:28:05.260091,BTCUSDT,sell,0.003,105486.3,0.0
2025-07-01T23:28:05.260091,BTCUSDT,short,0.003,105486.4,0.0
2025-07-01T23:48:01.649928,BTCUSDT,buy,0.003,105496.0,0.0
2025-07-01T23:48:01.650957,BTCUSDT,close,0.003,105529.9,0.1305
2025-07-01T23:48:03.269135,BTCUSDT,sell,0.003,105495.9,0.0
2025-07-01T23:48:03.270154,BTCUSDT,short,0.003,105529.9,0.0
2025-07-01T23:56:01.662158,BTCUSDT,buy,0.003,105568.5,0.0
2025-07-01T23:56:01.662158,BTCUSDT,close,0.003,105568.5,0.11580000000001746
2025-07-01T23:56:03.278846,BTCUSDT,sell,0.004,105566.6,0.0
2025-07-01T23:56:03.279900,BTCUSDT,short,0.004,105568.5,0.0
2025-07-01T23:58:03.974796,BTCUSDT,buy,0.004,105637.8,0.0
2025-07-01T23:58:03.974796,BTCUSDT,close,0.004,105637.8,0.27720000000001166
2025-07-01T23:58:05.052334,BTCUSDT,sell,0.003,105637.7,0.0
2025-07-01T23:58:05.052334,BTCUSDT,short,0.003,105637.8,0.0
2025-07-02T00:04:01.034239,BTCUSDT,buy,0.003,105654.3,0.0
2025-07-02T00:04:01.034239,BTCUSDT,close,0.003,105663.4,0.0767999999999738
2025-07-02T00:04:01.601126,BTCUSDT,sell,0.004,105654.2,0.0
2025-07-02T00:04:01.601126,BTCUSDT,short,0.004,105663.4,0.0
2025-07-02T00:09:02.544953,BTCUSDT,buy,0.004,105583.7,0.0
2025-07-02T00:09:02.545941,BTCUSDT,close,0.004,105583.8,-0.3183999999999651
2025-07-02T00:09:03.877667,BTCUSDT,sell,0.003,105580.5,0.0
2025-07-02T00:09:03.877667,BTCUSDT,short,0.003,105583.8,0.0
2025-07-02T00:13:01.530848,BTCUSDT,buy,0.003,105662.0,0.0
2025-07-02T00:13:01.530848,BTCUSDT,close,0.003,105662.0,0.23459999999999126
2025-07-02T00:13:02.856549,BTCUSDT,sell,0.003,105661.9,0.0
2025-07-02T00:13:02.858065,BTCUSDT,short,0.003,105662.0,0.0
2025-07-02T00:16:00.565197,BTCUSDT,buy,0.003,105737.4,0.0
2025-07-02T00:16:00.566237,BTCUSDT,close,0.003,105733.8,0.21540000000000872
2025-07-02T00:16:02.479589,BTCUSDT,sell,0.002,105728.9,0.0
2025-07-02T00:16:02.480761,BTCUSDT,short,0.002,105733.8,0.0
2025-07-02T00:40:01.171870,BTCUSDT,buy,0.002,105598.5,0.0
2025-07-02T00:40:01.172925,BTCUSDT,close,0.002,105598.5,-0.27060000000000584
2025-07-02T00:40:02.787928,BTCUSDT,sell,0.003,105594.9,0.0
2025-07-02T00:40:02.788965,BTCUSDT,short,0.003,105598.5,0.0
2025-07-02T00:48:03.685097,BTCUSDT,buy,0.003,105421.4,0.0
2025-07-02T00:48:03.686097,BTCUSDT,close,0.003,105421.4,-0.5313000000000174
2025-07-02T00:48:04.245030,BTCUSDT,sell,0.002,105421.0,0.0
2025-07-02T00:48:04.246042,BTCUSDT,short,0.002,105421.4,0.0
2025-07-02T01:18:01.570915,BTCUSDT,buy,0.002,105126.0,0.0
2025-07-02T01:18:01.571988,BTCUSDT,close,0.002,105129.9,-0.583
2025-07-02T01:18:03.208078,BTCUSDT,sell,0.002,105122.4,0.0
2025-07-02T01:18:03.208078,BTCUSDT,short,0.002,105129.9,0.0
2025-07-02T01:20:01.028964,BTCUSDT,buy,0.002,105386.3,0.0
2025-07-02T01:20:01.030171,BTCUSDT,close,0.002,105382.9,0.506
2025-07-02T01:20:02.654780,BTCUSDT,sell,0.002,105382.5,0.0
2025-07-02T01:20:02.654780,BTCUSDT,short,0.002,105382.9,0.0
2025-07-02T01:22:01.376833,BTCUSDT,buy,0.002,105502.1,0.0
2025-07-02T01:22:01.377883,BTCUSDT,close,0.002,105502.1,0.2384000000000233
2025-07-02T01:22:02.998096,BTCUSDT,sell,0.001,105497.7,0.0
2025-07-02T01:22:02.999119,BTCUSDT,short,0.001,105502.1,0.0
2025-07-02T01:39:01.276582,BTCUSDT,buy,0.001,105619.9,0.0
2025-07-02T01:39:01.277582,BTCUSDT,close,0.001,105619.9,0.11779999999998836
2025-07-02T01:39:02.904639,BTCUSDT,sell,0.002,105617.6,0.0
2025-07-02T01:39:02.905169,BTCUSDT,short,0.002,105619.9,0.0
2025-07-02T01:43:01.130008,BTCUSDT,buy,0.002,105675.0,0.0
2025-07-02T01:43:01.131031,BTCUSDT,close,0.002,105675.0,0.11020000000001165
2025-07-02T01:43:02.753851,BTCUSDT,sell,0.002,105671.4,0.0
2025-07-02T01:43:02.754851,BTCUSDT,short,0.002,105675.0,0.0
2025-07-02T01:50:03.966827,BTCUSDT,close,0.002,105745.5,0.14100000000000001
2025-07-02T01:50:07.594917,BTCUSDT,short,0.002,105745.5,0.0
2025-07-02T02:13:02.697053,BTCUSDT,buy,0.002,105556.6,0.0
2025-07-02T02:13:02.698055,BTCUSDT,close,0.002,105556.5,-0.378
2025-07-02T02:13:03.257608,BTCUSDT,sell,0.002,105556.5,0.0
2025-07-02T02:13:03.258672,BTCUSDT,short,0.002,105556.5,0.0
2025-07-02T02:28:01.268139,BTCUSDT,buy,0.002,105623.3,0.0
2025-07-02T02:28:01.269174,BTCUSDT,close,0.002,105616.2,0.11939999999999418
2025-07-02T02:28:02.879199,BTCUSDT,sell,0.003,105617.06667,0.0
2025-07-02T02:28:02.879199,BTCUSDT,short,0.003,105616.2,0.0
2025-07-02T02:29:02.413847,BTCUSDT,buy,0.003,105650.7,0.0
2025-07-02T02:29:02.414863,BTCUSDT,close,0.003,105650.6,0.1032000000000262
2025-07-02T02:29:04.042400,BTCUSDT,sell,0.003,105650.6,0.0
2025-07-02T02:29:04.043403,BTCUSDT,short,0.003,105650.6,0.0
2025-07-02T02:35:01.515472,BTCUSDT,buy,0.003,105700.0,0.0
2025-07-02T02:35:01.517497,BTCUSDT,close,0.003,105681.3,0.09209999999999127
2025-07-02T02:35:02.078083,BTCUSDT,sell,0.004,105681.3,0.0
2025-07-02T02:35:02.079242,BTCUSDT,short,0.004,105681.3,0.0
2025-07-02T02:38:01.197250,BTCUSDT,buy,0.004,105575.7,0.0
2025-07-02T02:38:01.198251,BTCUSDT,close,0.004,105572.0,-0.43720000000001163
2025-07-02T02:38:01.760218,BTCUSDT,sell,0.004,105572.0,0.0
2025-07-02T02:38:01.761741,BTCUSDT,short,0.004,105572.0,0.0
2025-07-02T02:43:00.449338,BTCUSDT,buy,0.004,105625.8,0.0
2025-07-02T02:43:00.450373,BTCUSDT,close,0.004,105625.8,0.21520000000001166
2025-07-02T02:43:01.017180,BTCUSDT,sell,0.005,105622.9,0.0
2025-07-02T02:43:01.017180,BTCUSDT,short,0.005,105625.8,0.0
2025-07-02T02:45:00.529363,BTCUSDT,buy,0.005,105652.0,0.0
2025-07-02T02:45:00.529363,BTCUSDT,close,0.005,105652.0,0.13099999999998546
2025-07-02T02:45:01.103954,BTCUSDT,sell,0.005,105651.9,0.0
2025-07-02T02:45:01.105141,BTCUSDT,short,0.005,105652.0,0.0
2025-07-02T02:48:01.147978,BTCUSDT,buy,0.005,105694.3,0.0
2025-07-02T02:48:01.147978,BTCUSDT,close,0.005,105694.3,0.21150000000001457
2025-07-02T02:48:01.710474,BTCUSDT,sell,0.004,105685.225,0.0
2025-07-02T02:48:01.711492,BTCUSDT,short,0.004,105694.3,0.0
2025-07-02T02:49:00.530289,BTCUSDT,buy,0.004,105741.2,0.0
2025-07-02T02:49:00.530289,BTCUSDT,close,0.004,105741.2,0.18759999999997673
2025-07-02T02:49:01.107665,BTCUSDT,sell,0.004,105740.3,0.0
2025-07-02T02:49:01.108940,BTCUSDT,short,0.004,105741.2,0.0
2025-07-02T02:50:00.804174,BTCUSDT,buy,0.004,105810.5,0.0
2025-07-02T02:50:00.805184,BTCUSDT,close,0.004,105810.5,0.27720000000001166
2025-07-02T02:50:03.371353,BTCUSDT,short,0.002,105810.5,0.0
2025-07-02T02:59:01.525831,BTCUSDT,buy,0.002,105871.7,0.0
2025-07-02T02:59:01.525831,BTCUSDT,close,0.002,105871.5,0.122
2025-07-02T02:59:03.133060,BTCUSDT,sell,0.002,105871.6,0.0
2025-07-02T02:59:03.133060,BTCUSDT,short,0.002,105871.5,0.0
2025-07-02T03:08:01.240165,BTCUSDT,buy,0.002,105919.9,0.0
2025-07-02T03:08:01.241636,BTCUSDT,close,0.002,105919.9,0.09679999999998835
2025-07-02T03:08:02.350125,BTCUSDT,sell,0.005,105919.8,0.0
2025-07-02T03:08:02.350631,BTCUSDT,short,0.005,105919.9,0.0
2025-07-02T03:10:01.593415,BTCUSDT,buy,0.005,105950.0,0.0
2025-07-02T03:10:01.594416,BTCUSDT,close,0.005,105950.0,0.1505000000000291
2025-07-02T03:10:03.221391,BTCUSDT,sell,0.004,105949.8,0.0
2025-07-02T03:10:03.222452,BTCUSDT,short,0.004,105950.0,0.0
2025-07-02T03:13:01.367262,BTCUSDT,buy,0.004,106000.0,0.0
2025-07-02T03:13:01.368273,BTCUSDT,close,0.004,106000.0,0.2
2025-07-02T03:13:02.471550,BTCUSDT,sell,0.004,105997.7,0.0
2025-07-02T03:13:02.472554,BTCUSDT,short,0.004,106000.0,0.0
